OBJECTID,AGS,Gemeinde,Berichtszeitpunkt,Gemeindeschlüssel,Stadttyp,Pkw Elektro Anteil
800,1002000,Kiel,2023.01,1002000,Landeshauptstadt,3.7
801,1003000,Lübeck,2023.01,1003000,Großstadt,3.4
1105,2000000,Hamburg,2023.01,2000000,Landeshauptstadt,5.5
1106,3101000,Braunschweig,2023.01,3101000,Großstadt,7.1
1107,3102000,Salzgitter,2023.01,3102000,Großstadt,2.2
1108,3103000,Wolfsburg,2023.01,3103000,Großstadt,7.9
1403,3403000,Oldenburg (Oldb),2023.01,3403000,Großstadt,4.9
1404,3404000,Osnabrück,2023.01,3404000,Großstadt,4.8
1646,3159016,Göttingen,2023.01,3159016,Großstadt,4.2
1670,3241001,Hannover,2023.01,3241001,Landeshauptstadt,4.4
1753,3254021,Hildesheim,2023.01,3254021,Großstadt,3.6
1788,5378004,Bergisch Gladbach,2023.01,5378004,Großstadt,4.2
1815,5512000,Bottrop,2023.01,5512000,Großstadt,3.1
1816,5513000,Gelsenkirchen,2023.01,5513000,Großstadt,2.8
1817,5515000,Münster,2023.01,5515000,Großstadt,5.2
1854,5562032,Recklinghausen,2023.01,5562032,Großstadt,2.8
1893,5711000,Bielefeld,2023.01,5711000,Großstadt,4.8
1895,5754008,Gütersloh,2023.01,5754008,Großstadt,4.6
1960,5774032,Paderborn,2023.01,5774032,Großstadt,5.0
1963,5911000,Bochum,2023.01,5911000,Großstadt,4.6
1964,5913000,Dortmund,2023.01,5913000,Großstadt,4.0
1965,5914000,Hagen,2023.01,5914000,Großstadt,3.3
1966,5915000,Hamm,2023.01,5915000,Großstadt,3.2
1967,5916000,Herne,2023.01,5916000,Großstadt,2.6
2220,5970040,Siegen,2023.01,5970040,Großstadt,4.8
2246,6411000,Darmstadt,2023.01,6411000,Großstadt,5.3
2247,6412000,Frankfurt am Main,2023.01,6412000,Großstadt,8.6
2248,6413000,Offenbach am Main,2023.01,6413000,Großstadt,4.5
2249,6414000,Wiesbaden,2023.01,6414000,Landeshauptstadt,14.7
2335,6435014,Hanau,2023.01,6435014,Großstadt,3.6
2448,4011000,Bremen,2023.01,4011000,Landeshauptstadt,3.7
2449,4012000,Bremerhaven,2023.01,4012000,Großstadt,2.8
2450,5111000,Düsseldorf,2023.01,5111000,Landeshauptstadt,6.5
2451,5112000,Duisburg,2023.01,5112000,Großstadt,2.6
2452,5113000,Essen,2023.01,5113000,Großstadt,4.3
2453,5114000,Krefeld,2023.01,5114000,Großstadt,3.5
2454,5116000,Mönchengladbach,2023.01,5116000,Großstadt,3.8
2455,5117000,Mülheim an der Ruhr,2023.01,5117000,Großstadt,4.0
2456,5119000,Oberhausen,2023.01,5119000,Großstadt,3.2
2457,5120000,Remscheid,2023.01,5120000,Großstadt,3.9
2458,5122000,Solingen,2023.01,5122000,Großstadt,4.7
2459,5124000,Wuppertal,2023.01,5124000,Großstadt,3.9
2492,5162024,Neuss,2023.01,5162024,Großstadt,4.4
2508,5170024,Moers,2023.01,5170024,Großstadt,4.0
2516,5314000,Bonn,2023.01,5314000,Großstadt,4.7
2517,5315000,Köln,2023.01,5315000,Großstadt,5.0
2518,5316000,Leverkusen,2023.01,5316000,Großstadt,4.5
2519,5334002,Aachen,2023.01,5334002,Großstadt,5.7
2931,6611000,Kassel,2023.01,6611000,Großstadt,4.6
3667,7111000,Koblenz,2023.01,7111000,Großstadt,4.8
4776,7211000,Trier,2023.01,7211000,Großstadt,5.7
4966,8111000,Stuttgart,2023.01,8111000,Landeshauptstadt,8.8
5132,7312000,Kaiserslautern,2023.01,7312000,Großstadt,4.3
5134,7314000,Ludwigshafen am Rhein,2023.01,7314000,Großstadt,3.8
5135,7315000,Mainz,2023.01,7315000,Landeshauptstadt,4.2
5310,8212000,Karlsruhe,2023.01,8212000,Großstadt,5.4
5366,8221000,Heidelberg,2023.01,8221000,Großstadt,4.6
5367,8222000,Mannheim,2023.01,8222000,Großstadt,4.5
5426,8415061,Reutlingen,2023.01,8415061,Großstadt,4.6
5479,8421000,Ulm,2023.01,8421000,Großstadt,4.8
5745,8121000,Heilbronn,2023.01,8121000,Großstadt,4.1
5849,8231000,Pforzheim,2023.01,8231000,Großstadt,4.3
5919,8311000,Freiburg im Breisgau,2023.01,8311000,Großstadt,4.4
6067,9161000,Ingolstadt,2023.01,9161000,Großstadt,6.1
6068,9162000,München,2023.01,9162000,Landeshauptstadt,7.7
6626,9362000,Regensburg,2023.01,9362000,Großstadt,5.2
7477,9663000,Würzburg,2023.01,9663000,Großstadt,4.8
7779,12054000,Potsdam,2023.01,12054000,Landeshauptstadt,3.7
7983,9761000,Augsburg,2023.01,9761000,Großstadt,3.8
8323,10041100,Saarbrücken,2023.01,10041100,Landeshauptstadt,4.0
8375,11000000,Berlin,2023.01,11000000,Landeshauptstadt,4.1
8466,9562000,Erlangen,2023.01,9562000,Großstadt,4.4
8467,9563000,Fürth,2023.01,9563000,Großstadt,3.6
8468,9564000,Nürnberg,2023.01,9564000,Großstadt,3.9
8789,13003000,Rostock,2023.01,13003000,Großstadt,2.4
8790,13004000,Schwerin,2023.01,13004000,Landeshauptstadt,2.4
9295,14612000,Dresden,2023.01,14612000,Landeshauptstadt,2.9
9670,14713000,Leipzig,2023.01,14713000,Großstadt,3.2
9732,15002000,Halle (Saale),2023.01,15002000,Großstadt,2.4
9733,15003000,Magdeburg,2023.01,15003000,Landeshauptstadt,2.7
9913,14511000,Chemnitz,2023.01,14511000,Großstadt,2.9
10529,16051000,Erfurt,2023.01,16051000,Landeshauptstadt,3.2
10531,16053000,Jena,2023.01,16053000,Großstadt,3.1
10749,1002000,Kiel,2023.04,1002000,Landeshauptstadt,3.9
10750,1003000,Lübeck,2023.04,1003000,Großstadt,3.6
11593,3159016,Göttingen,2023.04,3159016,Großstadt,4.3
11617,3241001,Hannover,2023.04,3241001,Landeshauptstadt,4.6
11700,3254021,Hildesheim,2023.04,3254021,Großstadt,3.7
12395,4011000,Bremen,2023.04,4011000,Landeshauptstadt,3.9
12396,4012000,Bremerhaven,2023.04,4012000,Großstadt,2.9
12397,5111000,Düsseldorf,2023.04,5111000,Landeshauptstadt,6.8
12398,5112000,Duisburg,2023.04,5112000,Großstadt,2.7
12399,5113000,Essen,2023.04,5113000,Großstadt,4.5
12400,5114000,Krefeld,2023.04,5114000,Großstadt,3.7
12401,5116000,Mönchengladbach,2023.04,5116000,Großstadt,4.0
12402,5117000,Mülheim an der Ruhr,2023.04,5117000,Großstadt,4.1
12403,5119000,Oberhausen,2023.04,5119000,Großstadt,3.3
12404,5120000,Remscheid,2023.04,5120000,Großstadt,4.0
12405,5122000,Solingen,2023.04,5122000,Großstadt,5.0
12406,5124000,Wuppertal,2023.04,5124000,Großstadt,4.1
12439,5162024,Neuss,2023.04,5162024,Großstadt,4.5
12455,5170024,Moers,2023.04,5170024,Großstadt,4.1
12463,5314000,Bonn,2023.04,5314000,Großstadt,5.0
12464,5315000,Köln,2023.04,5315000,Großstadt,5.4
12465,5316000,Leverkusen,2023.04,5316000,Großstadt,4.6
12466,5334002,Aachen,2023.04,5334002,Großstadt,5.8
12550,3403000,Oldenburg (Oldb),2023.04,3403000,Großstadt,5.1
12551,3404000,Osnabrück,2023.04,3404000,Großstadt,5.0
12852,2000000,Hamburg,2023.04,2000000,Landeshauptstadt,5.6
12853,3101000,Braunschweig,2023.04,3101000,Großstadt,6.9
12854,3102000,Salzgitter,2023.04,3102000,Großstadt,2.3
12855,3103000,Wolfsburg,2023.04,3103000,Großstadt,7.6
12935,5378004,Bergisch Gladbach,2023.04,5378004,Großstadt,4.3
12962,5512000,Bottrop,2023.04,5512000,Großstadt,3.2
12963,5513000,Gelsenkirchen,2023.04,5513000,Großstadt,2.9
12964,5515000,Münster,2023.04,5515000,Großstadt,5.4
13001,5562032,Recklinghausen,2023.04,5562032,Großstadt,2.9
13040,5711000,Bielefeld,2023.04,5711000,Großstadt,5.0
13042,5754008,Gütersloh,2023.04,5754008,Großstadt,4.7
13107,5774032,Paderborn,2023.04,5774032,Großstadt,5.2
13110,5911000,Bochum,2023.04,5911000,Großstadt,4.6
13111,5913000,Dortmund,2023.04,5913000,Großstadt,4.2
13112,5914000,Hagen,2023.04,5914000,Großstadt,3.3
13113,5915000,Hamm,2023.04,5915000,Großstadt,3.3
13114,5916000,Herne,2023.04,5916000,Großstadt,2.7
13167,5970040,Siegen,2023.04,5970040,Großstadt,4.9
13193,6411000,Darmstadt,2023.04,6411000,Großstadt,5.5
13194,6412000,Frankfurt am Main,2023.04,6412000,Großstadt,8.7
13195,6413000,Offenbach am Main,2023.04,6413000,Großstadt,4.7
13196,6414000,Wiesbaden,2023.04,6414000,Landeshauptstadt,15.3
13282,6435014,Hanau,2023.04,6435014,Großstadt,3.7
13478,6611000,Kassel,2023.04,6611000,Großstadt,4.8
13814,7111000,Koblenz,2023.04,7111000,Großstadt,5.0
15079,7312000,Kaiserslautern,2023.04,7312000,Großstadt,4.5
15081,7314000,Ludwigshafen am Rhein,2023.04,7314000,Großstadt,4.0
15082,7315000,Mainz,2023.04,7315000,Landeshauptstadt,4.4
15323,7211000,Trier,2023.04,7211000,Großstadt,5.5
15857,8212000,Karlsruhe,2023.04,8212000,Großstadt,5.7
15913,8221000,Heidelberg,2023.04,8221000,Großstadt,4.9
15914,8222000,Mannheim,2023.04,8222000,Großstadt,4.7
16113,8111000,Stuttgart,2023.04,8111000,Landeshauptstadt,9.1
16292,8121000,Heilbronn,2023.04,8121000,Großstadt,4.2
16396,8231000,Pforzheim,2023.04,8231000,Großstadt,4.5
16466,8311000,Freiburg im Breisgau,2023.04,8311000,Großstadt,4.6
16773,8415061,Reutlingen,2023.04,8415061,Großstadt,4.8
16826,8421000,Ulm,2023.04,8421000,Großstadt,5.1
17014,9161000,Ingolstadt,2023.04,9161000,Großstadt,6.3
17015,9162000,München,2023.04,9162000,Landeshauptstadt,7.8
17773,9362000,Regensburg,2023.04,9362000,Großstadt,5.5
18213,9562000,Erlangen,2023.04,9562000,Großstadt,4.6
18214,9563000,Fürth,2023.04,9563000,Großstadt,3.8
18215,9564000,Nürnberg,2023.04,9564000,Großstadt,4.1
18424,9663000,Würzburg,2023.04,9663000,Großstadt,5.0
18730,9761000,Augsburg,2023.04,9761000,Großstadt,3.9
18927,12054000,Potsdam,2023.04,12054000,Landeshauptstadt,3.8
19337,13003000,Rostock,2023.04,13003000,Großstadt,2.6
19338,13004000,Schwerin,2023.04,13004000,Landeshauptstadt,2.5
19668,10041100,Saarbrücken,2023.04,10041100,Landeshauptstadt,4.2
19720,11000000,Berlin,2023.04,11000000,Landeshauptstadt,4.3
19723,12052000,Cottbus,2023.04,12052000,Großstadt,2.2
20261,14511000,Chemnitz,2023.04,14511000,Großstadt,2.9
20443,14612000,Dresden,2023.04,14612000,Landeshauptstadt,3.0
20697,16051000,Erfurt,2023.04,16051000,Landeshauptstadt,3.2
20699,16053000,Jena,2023.04,16053000,Großstadt,3.3
21013,14713000,Leipzig,2023.04,14713000,Großstadt,3.4
21075,15002000,Halle (Saale),2023.04,15002000,Großstadt,2.4
21076,15003000,Magdeburg,2023.04,15003000,Landeshauptstadt,2.8
21314,1002000,Kiel,2023.07,1002000,Landeshauptstadt,4.1
21315,1003000,Lübeck,2023.07,1003000,Großstadt,3.8
22358,3159016,Göttingen,2023.07,3159016,Großstadt,4.5
22382,3241001,Hannover,2023.07,3241001,Landeshauptstadt,4.9
22465,3254021,Hildesheim,2023.07,3254021,Großstadt,3.9
22617,2000000,Hamburg,2023.07,2000000,Landeshauptstadt,5.9
22618,3101000,Braunschweig,2023.07,3101000,Großstadt,6.9
22619,3102000,Salzgitter,2023.07,3102000,Großstadt,2.4
22620,3103000,Wolfsburg,2023.07,3103000,Großstadt,8.1
23343,4011000,Bremen,2023.07,4011000,Landeshauptstadt,4.1
23344,4012000,Bremerhaven,2023.07,4012000,Großstadt,3.0
23345,5111000,Düsseldorf,2023.07,5111000,Landeshauptstadt,7.2
23346,5112000,Duisburg,2023.07,5112000,Großstadt,2.9
23347,5113000,Essen,2023.07,5113000,Großstadt,4.8
23348,5114000,Krefeld,2023.07,5114000,Großstadt,3.9
23349,5116000,Mönchengladbach,2023.07,5116000,Großstadt,4.0
23350,5117000,Mülheim an der Ruhr,2023.07,5117000,Großstadt,4.3
23351,5119000,Oberhausen,2023.07,5119000,Großstadt,3.4
23352,5120000,Remscheid,2023.07,5120000,Großstadt,4.2
23353,5122000,Solingen,2023.07,5122000,Großstadt,4.9
23354,5124000,Wuppertal,2023.07,5124000,Großstadt,4.2
23387,5162024,Neuss,2023.07,5162024,Großstadt,4.7
23403,5170024,Moers,2023.07,5170024,Großstadt,4.2
23411,5314000,Bonn,2023.07,5314000,Großstadt,5.2
23412,5315000,Köln,2023.07,5315000,Großstadt,5.7
23413,5316000,Leverkusen,2023.07,5316000,Großstadt,4.8
23414,5334002,Aachen,2023.07,5334002,Großstadt,6.1
23498,3403000,Oldenburg (Oldb),2023.07,3403000,Großstadt,5.4
23499,3404000,Osnabrück,2023.07,3404000,Großstadt,5.3
23715,5970040,Siegen,2023.07,5970040,Großstadt,5.0
23741,6411000,Darmstadt,2023.07,6411000,Großstadt,5.9
23742,6412000,Frankfurt am Main,2023.07,6412000,Großstadt,8.7
23743,6413000,Offenbach am Main,2023.07,6413000,Großstadt,4.9
23744,6414000,Wiesbaden,2023.07,6414000,Landeshauptstadt,16.7
23830,6435014,Hanau,2023.07,6435014,Großstadt,3.9
23883,5378004,Bergisch Gladbach,2023.07,5378004,Großstadt,4.6
23910,5512000,Bottrop,2023.07,5512000,Großstadt,3.4
23911,5513000,Gelsenkirchen,2023.07,5513000,Großstadt,3.1
23912,5515000,Münster,2023.07,5515000,Großstadt,5.7
23949,5562032,Recklinghausen,2023.07,5562032,Großstadt,3.0
23988,5711000,Bielefeld,2023.07,5711000,Großstadt,5.2
23990,5754008,Gütersloh,2023.07,5754008,Großstadt,5.0
24055,5774032,Paderborn,2023.07,5774032,Großstadt,5.5
24058,5911000,Bochum,2023.07,5911000,Großstadt,4.7
24059,5913000,Dortmund,2023.07,5913000,Großstadt,4.4
24060,5914000,Hagen,2023.07,5914000,Großstadt,3.5
24061,5915000,Hamm,2023.07,5915000,Großstadt,3.5
24062,5916000,Herne,2023.07,5916000,Großstadt,2.8
24162,7111000,Koblenz,2023.07,7111000,Großstadt,5.3
24426,6611000,Kassel,2023.07,6611000,Großstadt,5.1
25473,7211000,Trier,2023.07,7211000,Großstadt,5.3
26227,7312000,Kaiserslautern,2023.07,7312000,Großstadt,4.8
26229,7314000,Ludwigshafen am Rhein,2023.07,7314000,Großstadt,4.2
26230,7315000,Mainz,2023.07,7315000,Landeshauptstadt,4.6
26661,8111000,Stuttgart,2023.07,8111000,Landeshauptstadt,9.3
26805,8212000,Karlsruhe,2023.07,8212000,Großstadt,5.9
26861,8221000,Heidelberg,2023.07,8221000,Großstadt,5.1
26862,8222000,Mannheim,2023.07,8222000,Großstadt,5.1
26944,8231000,Pforzheim,2023.07,8231000,Großstadt,4.7
27014,8311000,Freiburg im Breisgau,2023.07,8311000,Großstadt,4.8
27240,8121000,Heilbronn,2023.07,8121000,Großstadt,4.4
27521,8415061,Reutlingen,2023.07,8415061,Großstadt,5.0
27574,8421000,Ulm,2023.07,8421000,Großstadt,5.3
27762,9161000,Ingolstadt,2023.07,9161000,Großstadt,6.4
27763,9162000,München,2023.07,9162000,Landeshauptstadt,8.0
28521,9362000,Regensburg,2023.07,9362000,Großstadt,5.6
28761,9562000,Erlangen,2023.07,9562000,Großstadt,4.8
28762,9563000,Fürth,2023.07,9563000,Großstadt,4.0
28763,9564000,Nürnberg,2023.07,9564000,Großstadt,4.4
29172,9663000,Würzburg,2023.07,9663000,Großstadt,5.2
29818,10041100,Saarbrücken,2023.07,10041100,Landeshauptstadt,4.4
29870,11000000,Berlin,2023.07,11000000,Landeshauptstadt,4.5
29873,12052000,Cottbus,2023.07,12052000,Großstadt,2.3
29875,12054000,Potsdam,2023.07,12054000,Landeshauptstadt,4.0
29878,9761000,Augsburg,2023.07,9761000,Großstadt,4.1
30285,13003000,Rostock,2023.07,13003000,Großstadt,2.7
30286,13004000,Schwerin,2023.07,13004000,Landeshauptstadt,2.7
30809,14511000,Chemnitz,2023.07,14511000,Großstadt,3.0
31191,14612000,Dresden,2023.07,14612000,Landeshauptstadt,3.2
31366,14713000,Leipzig,2023.07,14713000,Großstadt,3.6
31428,15002000,Halle (Saale),2023.07,15002000,Großstadt,2.4
31429,15003000,Magdeburg,2023.07,15003000,Landeshauptstadt,3.0
31645,16051000,Erfurt,2023.07,16051000,Landeshauptstadt,3.4
31647,16053000,Jena,2023.07,16053000,Großstadt,3.4
32245,1002000,Kiel,2023.1,1002000,Landeshauptstadt,4.3
32246,1003000,Lübeck,2023.1,1003000,Großstadt,4.0
33348,2000000,Hamburg,2023.1,2000000,Landeshauptstadt,6.4
33349,3101000,Braunschweig,2023.1,3101000,Großstadt,7.5
33350,3102000,Salzgitter,2023.1,3102000,Großstadt,2.6
33351,3103000,Wolfsburg,2023.1,3103000,Großstadt,9.2
33688,3159016,Göttingen,2023.1,3159016,Großstadt,4.9
33712,3241001,Hannover,2023.1,3241001,Landeshauptstadt,5.3
33795,3254021,Hildesheim,2023.1,3254021,Großstadt,4.2
33890,4011000,Bremen,2023.1,4011000,Landeshauptstadt,4.3
33891,4012000,Bremerhaven,2023.1,4012000,Großstadt,3.3
33892,5111000,Düsseldorf,2023.1,5111000,Landeshauptstadt,7.7
33893,5112000,Duisburg,2023.1,5112000,Großstadt,3.1
33894,5113000,Essen,2023.1,5113000,Großstadt,5.1
33895,5114000,Krefeld,2023.1,5114000,Großstadt,4.1
33896,5116000,Mönchengladbach,2023.1,5116000,Großstadt,4.2
33897,5117000,Mülheim an der Ruhr,2023.1,5117000,Großstadt,4.5
33898,5119000,Oberhausen,2023.1,5119000,Großstadt,3.6
33899,5120000,Remscheid,2023.1,5120000,Großstadt,4.5
33900,5122000,Solingen,2023.1,5122000,Großstadt,5.0
33901,5124000,Wuppertal,2023.1,5124000,Großstadt,4.4
33934,5162024,Neuss,2023.1,5162024,Großstadt,5.0
33950,5170024,Moers,2023.1,5170024,Großstadt,4.2
33958,5314000,Bonn,2023.1,5314000,Großstadt,5.7
33959,5315000,Köln,2023.1,5315000,Großstadt,6.1
33960,5316000,Leverkusen,2023.1,5316000,Großstadt,5.2
33961,5334002,Aachen,2023.1,5334002,Großstadt,6.5
34245,3403000,Oldenburg (Oldb),2023.1,3403000,Großstadt,5.8
34246,3404000,Osnabrück,2023.1,3404000,Großstadt,5.6
34430,5378004,Bergisch Gladbach,2023.1,5378004,Großstadt,4.9
34457,5512000,Bottrop,2023.1,5512000,Großstadt,3.6
34458,5513000,Gelsenkirchen,2023.1,5513000,Großstadt,3.3
34459,5515000,Münster,2023.1,5515000,Großstadt,6.1
34496,5562032,Recklinghausen,2023.1,5562032,Großstadt,3.3
34535,5711000,Bielefeld,2023.1,5711000,Großstadt,5.7
34537,5754008,Gütersloh,2023.1,5754008,Großstadt,5.3
34602,5774032,Paderborn,2023.1,5774032,Großstadt,5.8
34605,5911000,Bochum,2023.1,5911000,Großstadt,5.0
34606,5913000,Dortmund,2023.1,5913000,Großstadt,4.7
34607,5914000,Hagen,2023.1,5914000,Großstadt,3.6
34608,5915000,Hamm,2023.1,5915000,Großstadt,3.7
34609,5916000,Herne,2023.1,5916000,Großstadt,3.0
34773,6611000,Kassel,2023.1,6611000,Großstadt,5.5
34909,7111000,Koblenz,2023.1,7111000,Großstadt,5.7
36020,7211000,Trier,2023.1,7211000,Großstadt,5.5
36774,7312000,Kaiserslautern,2023.1,7312000,Großstadt,5.2
36776,7314000,Ludwigshafen am Rhein,2023.1,7314000,Großstadt,4.5
36777,7315000,Mainz,2023.1,7315000,Landeshauptstadt,4.9
37208,8111000,Stuttgart,2023.1,8111000,Landeshauptstadt,9.8
37387,8121000,Heilbronn,2023.1,8121000,Großstadt,4.7
37460,5970040,Siegen,2023.1,5970040,Großstadt,5.1
37486,6411000,Darmstadt,2023.1,6411000,Großstadt,6.3
37487,6412000,Frankfurt am Main,2023.1,6412000,Großstadt,8.7
37488,6413000,Offenbach am Main,2023.1,6413000,Großstadt,5.1
37489,6414000,Wiesbaden,2023.1,6414000,Landeshauptstadt,19.4
37575,6435014,Hanau,2023.1,6435014,Großstadt,4.2
37691,8231000,Pforzheim,2023.1,8231000,Großstadt,5.0
37761,8311000,Freiburg im Breisgau,2023.1,8311000,Großstadt,5.1
38068,8415061,Reutlingen,2023.1,8415061,Großstadt,5.3
38121,8421000,Ulm,2023.1,8421000,Großstadt,5.6
38352,8212000,Karlsruhe,2023.1,8212000,Großstadt,6.3
38408,8221000,Heidelberg,2023.1,8221000,Großstadt,5.5
38409,8222000,Mannheim,2023.1,8222000,Großstadt,5.5
38509,9161000,Ingolstadt,2023.1,9161000,Großstadt,7.4
38510,9162000,München,2023.1,9162000,Landeshauptstadt,8.8
39508,9562000,Erlangen,2023.1,9562000,Großstadt,5.1
39509,9563000,Fürth,2023.1,9563000,Großstadt,4.2
39510,9564000,Nürnberg,2023.1,9564000,Großstadt,4.8
39719,9663000,Würzburg,2023.1,9663000,Großstadt,5.6
40025,9761000,Augsburg,2023.1,9761000,Großstadt,4.4
40068,9362000,Regensburg,2023.1,9362000,Großstadt,6.0
40565,10041100,Saarbrücken,2023.1,10041100,Landeshauptstadt,4.7
40617,11000000,Berlin,2023.1,11000000,Landeshauptstadt,4.8
40621,12054000,Potsdam,2023.1,12054000,Landeshauptstadt,4.2
41431,13003000,Rostock,2023.1,13003000,Großstadt,3.0
41432,13004000,Schwerin,2023.1,13004000,Landeshauptstadt,2.9
41755,14511000,Chemnitz,2023.1,14511000,Großstadt,3.3
41912,14713000,Leipzig,2023.1,14713000,Großstadt,3.8
41974,15002000,Halle (Saale),2023.1,15002000,Großstadt,2.7
41975,15003000,Magdeburg,2023.1,15003000,Landeshauptstadt,3.1
42137,14612000,Dresden,2023.1,14612000,Landeshauptstadt,3.5
42954,16051000,Erfurt,2023.1,16051000,Landeshauptstadt,3.7
42956,16053000,Jena,2023.1,16053000,Großstadt,3.6
42991,1002000,Kiel,2024.01,1002000,Landeshauptstadt,4.5
42992,1003000,Lübeck,2024.01,1003000,Großstadt,4.2
43894,2000000,Hamburg,2024.01,2000000,Landeshauptstadt,6.8
43895,3101000,Braunschweig,2024.01,3101000,Großstadt,7.8
43896,3102000,Salzgitter,2024.01,3102000,Großstadt,2.7
43897,3103000,Wolfsburg,2024.01,3103000,Großstadt,12.1
44591,3403000,Oldenburg (Oldb),2024.01,3403000,Großstadt,6.2
44592,3404000,Osnabrück,2024.01,3404000,Großstadt,5.9
44636,4011000,Bremen,2024.01,4011000,Landeshauptstadt,4.5
44637,4012000,Bremerhaven,2024.01,4012000,Großstadt,3.5
44638,5111000,Düsseldorf,2024.01,5111000,Landeshauptstadt,8.0
44639,5112000,Duisburg,2024.01,5112000,Großstadt,3.2
44640,5113000,Essen,2024.01,5113000,Großstadt,5.3
44641,5114000,Krefeld,2024.01,5114000,Großstadt,4.2
44642,5116000,Mönchengladbach,2024.01,5116000,Großstadt,4.4
44643,5117000,Mülheim an der Ruhr,2024.01,5117000,Großstadt,4.7
44644,5119000,Oberhausen,2024.01,5119000,Großstadt,3.7
44645,5120000,Remscheid,2024.01,5120000,Großstadt,4.7
44646,5122000,Solingen,2024.01,5122000,Großstadt,5.1
44647,5124000,Wuppertal,2024.01,5124000,Großstadt,4.6
44680,5162024,Neuss,2024.01,5162024,Großstadt,5.3
44696,5170024,Moers,2024.01,5170024,Großstadt,4.2
44704,5314000,Bonn,2024.01,5314000,Großstadt,6.0
44705,5315000,Köln,2024.01,5315000,Großstadt,6.4
44706,5316000,Leverkusen,2024.01,5316000,Großstadt,5.5
44707,5334002,Aachen,2024.01,5334002,Großstadt,7.0
44776,5378004,Bergisch Gladbach,2024.01,5378004,Großstadt,5.2
44803,5512000,Bottrop,2024.01,5512000,Großstadt,3.9
44804,5513000,Gelsenkirchen,2024.01,5513000,Großstadt,3.5
44834,3159016,Göttingen,2024.01,3159016,Großstadt,5.2
44858,3241001,Hannover,2024.01,3241001,Landeshauptstadt,5.6
44941,3254021,Hildesheim,2024.01,3254021,Großstadt,4.4
45005,5515000,Münster,2024.01,5515000,Großstadt,6.4
45042,5562032,Recklinghausen,2024.01,5562032,Großstadt,3.4
45081,5711000,Bielefeld,2024.01,5711000,Großstadt,5.9
45083,5754008,Gütersloh,2024.01,5754008,Großstadt,5.5
45148,5774032,Paderborn,2024.01,5774032,Großstadt,6.1
45151,5911000,Bochum,2024.01,5911000,Großstadt,5.2
45152,5913000,Dortmund,2024.01,5913000,Großstadt,4.9
45153,5914000,Hagen,2024.01,5914000,Großstadt,3.7
45154,5915000,Hamm,2024.01,5915000,Großstadt,3.9
45155,5916000,Herne,2024.01,5916000,Großstadt,3.1
45208,5970040,Siegen,2024.01,5970040,Großstadt,5.3
45234,6411000,Darmstadt,2024.01,6411000,Großstadt,6.6
45235,6412000,Frankfurt am Main,2024.01,6412000,Großstadt,8.7
45236,6413000,Offenbach am Main,2024.01,6413000,Großstadt,5.1
45237,6414000,Wiesbaden,2024.01,6414000,Landeshauptstadt,18.6
45323,6435014,Hanau,2024.01,6435014,Großstadt,4.4
45655,7111000,Koblenz,2024.01,7111000,Großstadt,6.1
45919,6611000,Kassel,2024.01,6611000,Großstadt,5.8
47120,7312000,Kaiserslautern,2024.01,7312000,Großstadt,5.3
47122,7314000,Ludwigshafen am Rhein,2024.01,7314000,Großstadt,4.6
47123,7315000,Mainz,2024.01,7315000,Landeshauptstadt,5.2
47366,7211000,Trier,2024.01,7211000,Großstadt,5.6
48154,8111000,Stuttgart,2024.01,8111000,Landeshauptstadt,10.2
48333,8121000,Heilbronn,2024.01,8121000,Großstadt,5.0
48498,8212000,Karlsruhe,2024.01,8212000,Großstadt,6.5
48554,8221000,Heidelberg,2024.01,8221000,Großstadt,5.9
48555,8222000,Mannheim,2024.01,8222000,Großstadt,5.7
48837,8231000,Pforzheim,2024.01,8231000,Großstadt,5.2
48907,8311000,Freiburg im Breisgau,2024.01,8311000,Großstadt,5.4
49014,8415061,Reutlingen,2024.01,8415061,Großstadt,5.5
49067,8421000,Ulm,2024.01,8421000,Großstadt,6.0
49255,9161000,Ingolstadt,2024.01,9161000,Großstadt,9.4
49256,9162000,München,2024.01,9162000,Landeshauptstadt,9.0
50214,9362000,Regensburg,2024.01,9362000,Großstadt,6.3
50571,9761000,Augsburg,2024.01,9761000,Großstadt,4.6
50665,9663000,Würzburg,2024.01,9663000,Großstadt,5.8
50854,9562000,Erlangen,2024.01,9562000,Großstadt,5.4
50855,9563000,Fürth,2024.01,9563000,Großstadt,4.4
50856,9564000,Nürnberg,2024.01,9564000,Großstadt,5.1
51777,13003000,Rostock,2024.01,13003000,Großstadt,3.1
51778,13004000,Schwerin,2024.01,13004000,Landeshauptstadt,3.1
51911,10041100,Saarbrücken,2024.01,10041100,Landeshauptstadt,4.9
51963,11000000,Berlin,2024.01,11000000,Landeshauptstadt,5.1
51967,12054000,Potsdam,2024.01,12054000,Landeshauptstadt,4.4
52258,14713000,Leipzig,2024.01,14713000,Großstadt,4.0
52320,15002000,Halle (Saale),2024.01,15002000,Großstadt,2.8
52321,15003000,Magdeburg,2024.01,15003000,Landeshauptstadt,3.3
52501,14511000,Chemnitz,2024.01,14511000,Großstadt,3.5
52683,14612000,Dresden,2024.01,14612000,Landeshauptstadt,3.6
53137,16051000,Erfurt,2024.01,16051000,Landeshauptstadt,3.9
53139,16053000,Jena,2024.01,16053000,Großstadt,3.8
53739,1002000,Kiel,2024.04,1002000,Landeshauptstadt,4.7
53740,1003000,Lübeck,2024.04,1003000,Großstadt,4.4
54642,2000000,Hamburg,2024.04,2000000,Landeshauptstadt,6.9
54643,3101000,Braunschweig,2024.04,3101000,Großstadt,7.7
54644,3102000,Salzgitter,2024.04,3102000,Großstadt,2.8
54645,3103000,Wolfsburg,2024.04,3103000,Großstadt,11.1
54783,3159016,Göttingen,2024.04,3159016,Großstadt,5.3
54807,3241001,Hannover,2024.04,3241001,Landeshauptstadt,5.7
54890,3254021,Hildesheim,2024.04,3254021,Großstadt,4.5
55140,3403000,Oldenburg (Oldb),2024.04,3403000,Großstadt,6.3
55141,3404000,Osnabrück,2024.04,3404000,Großstadt,6.1
55585,4011000,Bremen,2024.04,4011000,Landeshauptstadt,4.6
55586,4012000,Bremerhaven,2024.04,4012000,Großstadt,3.7
55587,5111000,Düsseldorf,2024.04,5111000,Landeshauptstadt,8.4
55588,5112000,Duisburg,2024.04,5112000,Großstadt,3.4
55589,5113000,Essen,2024.04,5113000,Großstadt,5.5
55590,5114000,Krefeld,2024.04,5114000,Großstadt,4.3
55591,5116000,Mönchengladbach,2024.04,5116000,Großstadt,4.6
55592,5117000,Mülheim an der Ruhr,2024.04,5117000,Großstadt,4.8
55593,5119000,Oberhausen,2024.04,5119000,Großstadt,3.8
55594,5120000,Remscheid,2024.04,5120000,Großstadt,4.8
55595,5122000,Solingen,2024.04,5122000,Großstadt,5.2
55596,5124000,Wuppertal,2024.04,5124000,Großstadt,4.7
55629,5162024,Neuss,2024.04,5162024,Großstadt,5.5
55645,5170024,Moers,2024.04,5170024,Großstadt,4.3
55653,5314000,Bonn,2024.04,5314000,Großstadt,6.3
55654,5315000,Köln,2024.04,5315000,Großstadt,6.7
55655,5316000,Leverkusen,2024.04,5316000,Großstadt,5.6
55656,5334002,Aachen,2024.04,5334002,Großstadt,7.0
55725,5378004,Bergisch Gladbach,2024.04,5378004,Großstadt,5.3
55752,5512000,Bottrop,2024.04,5512000,Großstadt,4.0
55753,5513000,Gelsenkirchen,2024.04,5513000,Großstadt,3.6
55754,5515000,Münster,2024.04,5515000,Großstadt,6.6
55791,5562032,Recklinghausen,2024.04,5562032,Großstadt,3.5
55830,5711000,Bielefeld,2024.04,5711000,Großstadt,6.1
55832,5754008,Gütersloh,2024.04,5754008,Großstadt,5.7
55897,5774032,Paderborn,2024.04,5774032,Großstadt,6.3
55900,5911000,Bochum,2024.04,5911000,Großstadt,5.2
55901,5913000,Dortmund,2024.04,5913000,Großstadt,5.1
55902,5914000,Hagen,2024.04,5914000,Großstadt,3.8
55903,5915000,Hamm,2024.04,5915000,Großstadt,4.0
55904,5916000,Herne,2024.04,5916000,Großstadt,3.2
55957,5970040,Siegen,2024.04,5970040,Großstadt,5.3
55983,6411000,Darmstadt,2024.04,6411000,Großstadt,6.8
55984,6412000,Frankfurt am Main,2024.04,6412000,Großstadt,8.7
55985,6413000,Offenbach am Main,2024.04,6413000,Großstadt,5.4
55986,6414000,Wiesbaden,2024.04,6414000,Landeshauptstadt,17.9
56072,6435014,Hanau,2024.04,6435014,Großstadt,4.6
56268,6611000,Kassel,2024.04,6611000,Großstadt,5.9
56604,7111000,Koblenz,2024.04,7111000,Großstadt,6.3
57515,7211000,Trier,2024.04,7211000,Großstadt,5.7
58269,7312000,Kaiserslautern,2024.04,7312000,Großstadt,5.3
58271,7314000,Ludwigshafen am Rhein,2024.04,7314000,Großstadt,4.8
58272,7315000,Mainz,2024.04,7315000,Landeshauptstadt,5.3
58703,8111000,Stuttgart,2024.04,8111000,Landeshauptstadt,10.7
59082,8121000,Heilbronn,2024.04,8121000,Großstadt,4.9
59186,8231000,Pforzheim,2024.04,8231000,Großstadt,5.3
59256,8311000,Freiburg im Breisgau,2024.04,8311000,Großstadt,5.5
59447,8212000,Karlsruhe,2024.04,8212000,Großstadt,6.5
59503,8221000,Heidelberg,2024.04,8221000,Großstadt,6.0
59504,8222000,Mannheim,2024.04,8222000,Großstadt,5.9
59604,9161000,Ingolstadt,2024.04,9161000,Großstadt,11.3
59605,9162000,München,2024.04,9162000,Landeshauptstadt,8.9
59963,8415061,Reutlingen,2024.04,8415061,Großstadt,5.6
60563,9362000,Regensburg,2024.04,9362000,Großstadt,6.4
60603,9562000,Erlangen,2024.04,9562000,Großstadt,5.7
60604,9563000,Fürth,2024.04,9563000,Großstadt,4.5
60605,9564000,Nürnberg,2024.04,9564000,Großstadt,5.2
61214,9663000,Würzburg,2024.04,9663000,Großstadt,5.9
61520,9761000,Augsburg,2024.04,9761000,Großstadt,4.7
61860,10041100,Saarbrücken,2024.04,10041100,Landeshauptstadt,5.0
61912,11000000,Berlin,2024.04,11000000,Landeshauptstadt,5.2
61916,12054000,Potsdam,2024.04,12054000,Landeshauptstadt,4.5
62326,13003000,Rostock,2024.04,13003000,Großstadt,3.2
62327,13004000,Schwerin,2024.04,13004000,Landeshauptstadt,3.2
62832,14612000,Dresden,2024.04,14612000,Landeshauptstadt,3.7
63250,14511000,Chemnitz,2024.04,14511000,Großstadt,3.5
63415,8421000,Ulm,2024.04,8421000,Großstadt,6.1
63607,14713000,Leipzig,2024.04,14713000,Großstadt,4.2
63669,15002000,Halle (Saale),2024.04,15002000,Großstadt,2.8
63670,15003000,Magdeburg,2024.04,15003000,Landeshauptstadt,3.4
63886,16051000,Erfurt,2024.04,16051000,Landeshauptstadt,4.1
63888,16053000,Jena,2024.04,16053000,Großstadt,3.9
64888,1002000,Kiel,2024.07,1002000,Landeshauptstadt,4.8
64889,1003000,Lübeck,2024.07,1003000,Großstadt,4.6
65556,3241001,Hannover,2024.07,3241001,Landeshauptstadt,6.0
65639,3254021,Hildesheim,2024.07,3254021,Großstadt,4.7
65791,2000000,Hamburg,2024.07,2000000,Landeshauptstadt,7.1
65792,3101000,Braunschweig,2024.07,3101000,Großstadt,7.7
65793,3102000,Salzgitter,2024.07,3102000,Großstadt,3.0
65794,3103000,Wolfsburg,2024.07,3103000,Großstadt,10.4
65932,3159016,Göttingen,2024.07,3159016,Großstadt,5.4
66289,3403000,Oldenburg (Oldb),2024.07,3403000,Großstadt,6.5
66290,3404000,Osnabrück,2024.07,3404000,Großstadt,6.3
66534,4011000,Bremen,2024.07,4011000,Landeshauptstadt,4.7
66535,4012000,Bremerhaven,2024.07,4012000,Großstadt,3.8
66536,5111000,Düsseldorf,2024.07,5111000,Landeshauptstadt,8.6
66537,5112000,Duisburg,2024.07,5112000,Großstadt,3.5
66538,5113000,Essen,2024.07,5113000,Großstadt,5.7
66539,5114000,Krefeld,2024.07,5114000,Großstadt,4.5
66540,5116000,Mönchengladbach,2024.07,5116000,Großstadt,4.6
66541,5117000,Mülheim an der Ruhr,2024.07,5117000,Großstadt,4.9
66542,5119000,Oberhausen,2024.07,5119000,Großstadt,3.9
66543,5120000,Remscheid,2024.07,5120000,Großstadt,5.0
66544,5122000,Solingen,2024.07,5122000,Großstadt,5.3
66545,5124000,Wuppertal,2024.07,5124000,Großstadt,4.8
66579,5711000,Bielefeld,2024.07,5711000,Großstadt,6.2
66581,5754008,Gütersloh,2024.07,5754008,Großstadt,5.8
66646,5774032,Paderborn,2024.07,5774032,Großstadt,6.5
66649,5911000,Bochum,2024.07,5911000,Großstadt,5.2
66650,5913000,Dortmund,2024.07,5913000,Großstadt,5.3
66651,5914000,Hagen,2024.07,5914000,Großstadt,3.9
66652,5915000,Hamm,2024.07,5915000,Großstadt,4.1
66653,5916000,Herne,2024.07,5916000,Großstadt,3.2
66706,5970040,Siegen,2024.07,5970040,Großstadt,5.5
66732,6411000,Darmstadt,2024.07,6411000,Großstadt,7.1
66733,6412000,Frankfurt am Main,2024.07,6412000,Großstadt,8.9
66734,6413000,Offenbach am Main,2024.07,6413000,Großstadt,5.6
66735,6414000,Wiesbaden,2024.07,6414000,Landeshauptstadt,16.4
66778,5162024,Neuss,2024.07,5162024,Großstadt,5.7
66794,5170024,Moers,2024.07,5170024,Großstadt,4.4
66802,5314000,Bonn,2024.07,5314000,Großstadt,6.6
66803,5315000,Köln,2024.07,5315000,Großstadt,6.8
66804,5316000,Leverkusen,2024.07,5316000,Großstadt,5.8
66805,5334002,Aachen,2024.07,5334002,Großstadt,7.0
66874,5378004,Bergisch Gladbach,2024.07,5378004,Großstadt,5.4
66901,5512000,Bottrop,2024.07,5512000,Großstadt,4.2
66902,5513000,Gelsenkirchen,2024.07,5513000,Großstadt,3.7
66903,5515000,Münster,2024.07,5515000,Großstadt,6.9
66940,5562032,Recklinghausen,2024.07,5562032,Großstadt,3.6
67017,6611000,Kassel,2024.07,6611000,Großstadt,6.1
67153,7111000,Koblenz,2024.07,7111000,Großstadt,6.4
68264,7211000,Trier,2024.07,7211000,Großstadt,5.4
69018,7312000,Kaiserslautern,2024.07,7312000,Großstadt,5.4
69020,7314000,Ludwigshafen am Rhein,2024.07,7314000,Großstadt,5.0
69021,7315000,Mainz,2024.07,7315000,Landeshauptstadt,5.5
69452,8111000,Stuttgart,2024.07,8111000,Landeshauptstadt,10.9
69631,8121000,Heilbronn,2024.07,8121000,Großstadt,5.1
69805,8311000,Freiburg im Breisgau,2024.07,8311000,Großstadt,5.7
70112,8415061,Reutlingen,2024.07,8415061,Großstadt,5.8
70196,8212000,Karlsruhe,2024.07,8212000,Großstadt,6.7
70252,8221000,Heidelberg,2024.07,8221000,Großstadt,6.2
70253,8222000,Mannheim,2024.07,8222000,Großstadt,6.1
70335,8231000,Pforzheim,2024.07,8231000,Großstadt,5.5
70365,8421000,Ulm,2024.07,8421000,Großstadt,6.3
70619,6435014,Hanau,2024.07,6435014,Großstadt,4.7
70953,9161000,Ingolstadt,2024.07,9161000,Großstadt,12.4
70954,9162000,München,2024.07,9162000,Landeshauptstadt,9.0
71512,9362000,Regensburg,2024.07,9362000,Großstadt,6.7
71752,9562000,Erlangen,2024.07,9562000,Großstadt,5.9
71753,9563000,Fürth,2024.07,9563000,Großstadt,4.7
71754,9564000,Nürnberg,2024.07,9564000,Großstadt,5.4
72163,9663000,Würzburg,2024.07,9663000,Großstadt,6.0
72469,9761000,Augsburg,2024.07,9761000,Großstadt,4.9
72809,10041100,Saarbrücken,2024.07,10041100,Landeshauptstadt,5.1
72861,11000000,Berlin,2024.07,11000000,Landeshauptstadt,5.4
72865,12054000,Potsdam,2024.07,12054000,Landeshauptstadt,4.7
73275,13003000,Rostock,2024.07,13003000,Großstadt,3.3
73276,13004000,Schwerin,2024.07,13004000,Landeshauptstadt,3.3
73981,14612000,Dresden,2024.07,14612000,Landeshauptstadt,3.8
74156,14713000,Leipzig,2024.07,14713000,Großstadt,4.3
74218,15002000,Halle (Saale),2024.07,15002000,Großstadt,2.9
74219,15003000,Magdeburg,2024.07,15003000,Landeshauptstadt,3.6
74399,14511000,Chemnitz,2024.07,14511000,Großstadt,3.6
74835,16051000,Erfurt,2024.07,16051000,Landeshauptstadt,4.2
74837,16053000,Jena,2024.07,16053000,Großstadt,4.1
75237,1002000,Kiel,2024.1,1002000,Landeshauptstadt,4.9
75238,1003000,Lübeck,2024.1,1003000,Großstadt,4.7
76140,2000000,Hamburg,2024.1,2000000,Landeshauptstadt,7.1
76141,3101000,Braunschweig,2024.1,3101000,Großstadt,7.4
76142,3102000,Salzgitter,2024.1,3102000,Großstadt,3.2
76143,3103000,Wolfsburg,2024.1,3103000,Großstadt,10.9
76281,3159016,Göttingen,2024.1,3159016,Großstadt,5.6
76305,3241001,Hannover,2024.1,3241001,Landeshauptstadt,6.2
76788,3254021,Hildesheim,2024.1,3254021,Großstadt,4.9
77038,3403000,Oldenburg (Oldb),2024.1,3403000,Großstadt,6.7
77039,3404000,Osnabrück,2024.1,3404000,Großstadt,6.4
77283,4011000,Bremen,2024.1,4011000,Landeshauptstadt,4.9
77284,4012000,Bremerhaven,2024.1,4012000,Großstadt,3.9
77285,5111000,Düsseldorf,2024.1,5111000,Landeshauptstadt,9.0
77286,5112000,Duisburg,2024.1,5112000,Großstadt,3.6
77287,5113000,Essen,2024.1,5113000,Großstadt,5.9
77288,5114000,Krefeld,2024.1,5114000,Großstadt,4.5
77289,5116000,Mönchengladbach,2024.1,5116000,Großstadt,4.8
77290,5117000,Mülheim an der Ruhr,2024.1,5117000,Großstadt,5.1
77291,5119000,Oberhausen,2024.1,5119000,Großstadt,4.0
77292,5120000,Remscheid,2024.1,5120000,Großstadt,5.2
77293,5122000,Solingen,2024.1,5122000,Großstadt,5.5
77294,5124000,Wuppertal,2024.1,5124000,Großstadt,4.9
77328,5711000,Bielefeld,2024.1,5711000,Großstadt,6.5
77330,5754008,Gütersloh,2024.1,5754008,Großstadt,6.1
77395,5774032,Paderborn,2024.1,5774032,Großstadt,6.6
77398,5911000,Bochum,2024.1,5911000,Großstadt,5.2
77399,5913000,Dortmund,2024.1,5913000,Großstadt,5.5
77400,5914000,Hagen,2024.1,5914000,Großstadt,4.0
77401,5915000,Hamm,2024.1,5915000,Großstadt,4.2
77402,5916000,Herne,2024.1,5916000,Großstadt,3.4
77455,5970040,Siegen,2024.1,5970040,Großstadt,5.5
77481,6411000,Darmstadt,2024.1,6411000,Großstadt,7.3
77482,6412000,Frankfurt am Main,2024.1,6412000,Großstadt,9.1
77483,6413000,Offenbach am Main,2024.1,6413000,Großstadt,6.0
77484,6414000,Wiesbaden,2024.1,6414000,Landeshauptstadt,14.4
77527,5162024,Neuss,2024.1,5162024,Großstadt,5.9
77543,5170024,Moers,2024.1,5170024,Großstadt,4.5
77551,5314000,Bonn,2024.1,5314000,Großstadt,7.1
77552,5315000,Köln,2024.1,5315000,Großstadt,7.3
77553,5316000,Leverkusen,2024.1,5316000,Großstadt,5.8
77554,5334002,Aachen,2024.1,5334002,Großstadt,7.0
77623,5378004,Bergisch Gladbach,2024.1,5378004,Großstadt,5.5
77650,5512000,Bottrop,2024.1,5512000,Großstadt,4.3
77651,5513000,Gelsenkirchen,2024.1,5513000,Großstadt,3.7
77652,5515000,Münster,2024.1,5515000,Großstadt,7.0
77689,5562032,Recklinghausen,2024.1,5562032,Großstadt,3.7
77770,6435014,Hanau,2024.1,6435014,Großstadt,4.9
77966,6611000,Kassel,2024.1,6611000,Großstadt,6.1
78102,7111000,Koblenz,2024.1,7111000,Großstadt,6.8
79213,7211000,Trier,2024.1,7211000,Großstadt,5.4
79767,7312000,Kaiserslautern,2024.1,7312000,Großstadt,5.5
79769,7314000,Ludwigshafen am Rhein,2024.1,7314000,Großstadt,5.2
79770,7315000,Mainz,2024.1,7315000,Landeshauptstadt,5.8
80401,8111000,Stuttgart,2024.1,8111000,Landeshauptstadt,11.3
80545,8212000,Karlsruhe,2024.1,8212000,Großstadt,6.9
80601,8221000,Heidelberg,2024.1,8221000,Großstadt,6.4
80602,8222000,Mannheim,2024.1,8222000,Großstadt,6.2
80684,8231000,Pforzheim,2024.1,8231000,Großstadt,5.6
80754,8311000,Freiburg im Breisgau,2024.1,8311000,Großstadt,6.0
80980,8121000,Heilbronn,2024.1,8121000,Großstadt,5.1
81261,8415061,Reutlingen,2024.1,8415061,Großstadt,5.9
81314,8421000,Ulm,2024.1,8421000,Großstadt,6.5
81502,9161000,Ingolstadt,2024.1,9161000,Großstadt,12.3
81503,9162000,München,2024.1,9162000,Landeshauptstadt,8.9
82461,9362000,Regensburg,2024.1,9362000,Großstadt,7.1
82701,9562000,Erlangen,2024.1,9562000,Großstadt,6.0
82702,9563000,Fürth,2024.1,9563000,Großstadt,4.9
82703,9564000,Nürnberg,2024.1,9564000,Großstadt,5.5
82912,9663000,Würzburg,2024.1,9663000,Großstadt,6.1
83218,9761000,Augsburg,2024.1,9761000,Großstadt,5.0
83558,10041100,Saarbrücken,2024.1,10041100,Landeshauptstadt,5.2
83610,11000000,Berlin,2024.1,11000000,Landeshauptstadt,5.5
83614,12054000,Potsdam,2024.1,12054000,Landeshauptstadt,4.8
84024,13003000,Rostock,2024.1,13003000,Großstadt,3.4
84025,13004000,Schwerin,2024.1,13004000,Landeshauptstadt,3.4
84730,14612000,Dresden,2024.1,14612000,Landeshauptstadt,4.0
84905,14713000,Leipzig,2024.1,14713000,Großstadt,4.4
84948,14511000,Chemnitz,2024.1,14511000,Großstadt,3.6
85184,16051000,Erfurt,2024.1,16051000,Landeshauptstadt,4.3
85186,16053000,Jena,2024.1,16053000,Großstadt,4.2
85564,15002000,Halle (Saale),2024.1,15002000,Großstadt,3.0
85565,15003000,Magdeburg,2024.1,15003000,Landeshauptstadt,3.7
85986,1002000,Kiel,2025.01,1002000,Landeshauptstadt,5.1
85987,1003000,Lübeck,2025.01,1003000,Großstadt,4.8
86937,3254021,Hildesheim,2025.01,3254021,Großstadt,5.1
87289,2000000,Hamburg,2025.01,2000000,Landeshauptstadt,7.4
87290,3101000,Braunschweig,2025.01,3101000,Großstadt,7.3
87291,3102000,Salzgitter,2025.01,3102000,Großstadt,3.4
87292,3103000,Wolfsburg,2025.01,3103000,Großstadt,11.5
87430,3159016,Göttingen,2025.01,3159016,Großstadt,5.8
87454,3241001,Hannover,2025.01,3241001,Landeshauptstadt,6.4
87587,3403000,Oldenburg (Oldb),2025.01,3403000,Großstadt,6.9
87588,3404000,Osnabrück,2025.01,3404000,Großstadt,6.6
88032,4011000,Bremen,2025.01,4011000,Landeshauptstadt,5.0
88033,4012000,Bremerhaven,2025.01,4012000,Großstadt,4.0
88034,5111000,Düsseldorf,2025.01,5111000,Landeshauptstadt,9.4
88035,5112000,Duisburg,2025.01,5112000,Großstadt,3.7
88036,5113000,Essen,2025.01,5113000,Großstadt,6.1
88037,5114000,Krefeld,2025.01,5114000,Großstadt,4.7
88038,5116000,Mönchengladbach,2025.01,5116000,Großstadt,4.9
88039,5117000,Mülheim an der Ruhr,2025.01,5117000,Großstadt,5.3
88040,5119000,Oberhausen,2025.01,5119000,Großstadt,4.1
88041,5120000,Remscheid,2025.01,5120000,Großstadt,5.3
88042,5122000,Solingen,2025.01,5122000,Großstadt,5.5
88043,5124000,Wuppertal,2025.01,5124000,Großstadt,5.1
88076,5162024,Neuss,2025.01,5162024,Großstadt,6.1
88092,5170024,Moers,2025.01,5170024,Großstadt,4.6
88100,5314000,Bonn,2025.01,5314000,Großstadt,7.7
88101,5315000,Köln,2025.01,5315000,Großstadt,7.7
88102,5316000,Leverkusen,2025.01,5316000,Großstadt,6.0
88103,5334002,Aachen,2025.01,5334002,Großstadt,7.2
88172,5378004,Bergisch Gladbach,2025.01,5378004,Großstadt,5.7
88199,5512000,Bottrop,2025.01,5512000,Großstadt,4.4
88200,5513000,Gelsenkirchen,2025.01,5513000,Großstadt,3.9
88201,5515000,Münster,2025.01,5515000,Großstadt,7.2
88238,5562032,Recklinghausen,2025.01,5562032,Großstadt,3.8
88277,5711000,Bielefeld,2025.01,5711000,Großstadt,6.8
88279,5754008,Gütersloh,2025.01,5754008,Großstadt,6.2
88344,5774032,Paderborn,2025.01,5774032,Großstadt,6.8
88347,5911000,Bochum,2025.01,5911000,Großstadt,5.3
88348,5913000,Dortmund,2025.01,5913000,Großstadt,5.7
88349,5914000,Hagen,2025.01,5914000,Großstadt,4.1
88350,5915000,Hamm,2025.01,5915000,Großstadt,4.3
88351,5916000,Herne,2025.01,5916000,Großstadt,3.4
88404,5970040,Siegen,2025.01,5970040,Großstadt,5.6
88430,6411000,Darmstadt,2025.01,6411000,Großstadt,7.4
88431,6412000,Frankfurt am Main,2025.01,6412000,Großstadt,9.5
88432,6413000,Offenbach am Main,2025.01,6413000,Großstadt,6.2
88433,6414000,Wiesbaden,2025.01,6414000,Landeshauptstadt,12.7
88519,6435014,Hanau,2025.01,6435014,Großstadt,5.0
88715,6611000,Kassel,2025.01,6611000,Großstadt,6.2
88851,7111000,Koblenz,2025.01,7111000,Großstadt,7.1
89962,7211000,Trier,2025.01,7211000,Großstadt,5.5
90717,7312000,Kaiserslautern,2025.01,7312000,Großstadt,5.6
90719,7314000,Ludwigshafen am Rhein,2025.01,7314000,Großstadt,5.3
90720,7315000,Mainz,2025.01,7315000,Landeshauptstadt,6.0
90951,8111000,Stuttgart,2025.01,8111000,Landeshauptstadt,11.7
91130,8121000,Heilbronn,2025.01,8121000,Großstadt,5.3
91295,8212000,Karlsruhe,2025.01,8212000,Großstadt,7.2
91304,8311000,Freiburg im Breisgau,2025.01,8311000,Großstadt,6.3
91751,8221000,Heidelberg,2025.01,8221000,Großstadt,6.6
91752,8222000,Mannheim,2025.01,8222000,Großstadt,6.4
91834,8231000,Pforzheim,2025.01,8231000,Großstadt,5.7
92052,9161000,Ingolstadt,2025.01,9161000,Großstadt,10.8
92053,9162000,München,2025.01,9162000,Landeshauptstadt,9.3
92411,8415061,Reutlingen,2025.01,8415061,Großstadt,6.1
92464,8421000,Ulm,2025.01,8421000,Großstadt,6.7
93011,9362000,Regensburg,2025.01,9362000,Großstadt,7.3
93251,9562000,Erlangen,2025.01,9562000,Großstadt,6.2
93252,9563000,Fürth,2025.01,9563000,Großstadt,5.0
93253,9564000,Nürnberg,2025.01,9564000,Großstadt,5.8
93768,9761000,Augsburg,2025.01,9761000,Großstadt,5.1
94062,9663000,Würzburg,2025.01,9663000,Großstadt,6.3
94574,13003000,Rostock,2025.01,13003000,Großstadt,3.6
94575,13004000,Schwerin,2025.01,13004000,Landeshauptstadt,3.6
94708,10041100,Saarbrücken,2025.01,10041100,Landeshauptstadt,5.3
94760,11000000,Berlin,2025.01,11000000,Landeshauptstadt,5.7
94764,12054000,Potsdam,2025.01,12054000,Landeshauptstadt,4.9
95655,14713000,Leipzig,2025.01,14713000,Großstadt,4.5
95717,15002000,Halle (Saale),2025.01,15002000,Großstadt,3.1
95718,15003000,Magdeburg,2025.01,15003000,Landeshauptstadt,3.9
95898,14511000,Chemnitz,2025.01,14511000,Großstadt,3.7
96080,14612000,Dresden,2025.01,14612000,Landeshauptstadt,4.1
96331,16051000,Erfurt,2025.01,16051000,Landeshauptstadt,4.5
96333,16053000,Jena,2025.01,16053000,Großstadt,4.4
97136,1002000,Kiel,2025.04,1002000,Landeshauptstadt,5.3
97137,1003000,Lübeck,2025.04,1003000,Großstadt,5.1
97839,2000000,Hamburg,2025.04,2000000,Landeshauptstadt,7.6
97840,3101000,Braunschweig,2025.04,3101000,Großstadt,7.6
97841,3102000,Salzgitter,2025.04,3102000,Großstadt,3.6
97842,3103000,Wolfsburg,2025.04,3103000,Großstadt,14.8
97979,3159016,Göttingen,2025.04,3159016,Großstadt,6.1
98003,3241001,Hannover,2025.04,3241001,Landeshauptstadt,6.8
98086,3254021,Hildesheim,2025.04,3254021,Großstadt,5.2
98336,3403000,Oldenburg (Oldb),2025.04,3403000,Großstadt,7.3
98337,3404000,Osnabrück,2025.04,3404000,Großstadt,6.9
98781,4011000,Bremen,2025.04,4011000,Landeshauptstadt,5.3
98782,4012000,Bremerhaven,2025.04,4012000,Großstadt,4.3
98783,5111000,Düsseldorf,2025.04,5111000,Landeshauptstadt,10.0
98784,5112000,Duisburg,2025.04,5112000,Großstadt,3.9
98785,5113000,Essen,2025.04,5113000,Großstadt,6.4
98786,5114000,Krefeld,2025.04,5114000,Großstadt,5.0
98787,5116000,Mönchengladbach,2025.04,5116000,Großstadt,5.1
98788,5117000,Mülheim an der Ruhr,2025.04,5117000,Großstadt,5.5
98789,5119000,Oberhausen,2025.04,5119000,Großstadt,4.3
98790,5120000,Remscheid,2025.04,5120000,Großstadt,5.4
98791,5122000,Solingen,2025.04,5122000,Großstadt,5.9
98792,5124000,Wuppertal,2025.04,5124000,Großstadt,5.3
98825,5162024,Neuss,2025.04,5162024,Großstadt,6.4
98841,5170024,Moers,2025.04,5170024,Großstadt,4.8
98849,5314000,Bonn,2025.04,5314000,Großstadt,8.3
98850,5315000,Köln,2025.04,5315000,Großstadt,7.9
98851,5316000,Leverkusen,2025.04,5316000,Großstadt,6.2
98852,5334002,Aachen,2025.04,5334002,Großstadt,7.5
98893,5774032,Paderborn,2025.04,5774032,Großstadt,7.1
98896,5911000,Bochum,2025.04,5911000,Großstadt,5.5
98897,5913000,Dortmund,2025.04,5913000,Großstadt,5.9
98898,5914000,Hagen,2025.04,5914000,Großstadt,4.3
98899,5915000,Hamm,2025.04,5915000,Großstadt,4.5
98900,5916000,Herne,2025.04,5916000,Großstadt,3.6
98953,5970040,Siegen,2025.04,5970040,Großstadt,5.9
98979,6411000,Darmstadt,2025.04,6411000,Großstadt,7.7
98980,6412000,Frankfurt am Main,2025.04,6412000,Großstadt,9.9
98981,6413000,Offenbach am Main,2025.04,6413000,Großstadt,6.3
98982,6414000,Wiesbaden,2025.04,6414000,Landeshauptstadt,12.1
99068,6435014,Hanau,2025.04,6435014,Großstadt,5.2
99121,5378004,Bergisch Gladbach,2025.04,5378004,Großstadt,5.9
99148,5512000,Bottrop,2025.04,5512000,Großstadt,4.5
99149,5513000,Gelsenkirchen,2025.04,5513000,Großstadt,4.0
99150,5515000,Münster,2025.04,5515000,Großstadt,7.5
99187,5562032,Recklinghausen,2025.04,5562032,Großstadt,3.9
99226,5711000,Bielefeld,2025.04,5711000,Großstadt,7.0
99228,5754008,Gütersloh,2025.04,5754008,Großstadt,6.4
99464,6611000,Kassel,2025.04,6611000,Großstadt,6.5
100400,7111000,Koblenz,2025.04,7111000,Großstadt,7.5
101066,7312000,Kaiserslautern,2025.04,7312000,Großstadt,5.8
101068,7314000,Ludwigshafen am Rhein,2025.04,7314000,Großstadt,5.6
101069,7315000,Mainz,2025.04,7315000,Landeshauptstadt,6.3
101111,7211000,Trier,2025.04,7211000,Großstadt,5.7
101879,8121000,Heilbronn,2025.04,8121000,Großstadt,5.4
102044,8212000,Karlsruhe,2025.04,8212000,Großstadt,7.5
102100,8111000,Stuttgart,2025.04,8111000,Landeshauptstadt,12.0
102300,8221000,Heidelberg,2025.04,8221000,Großstadt,6.9
102301,8222000,Mannheim,2025.04,8222000,Großstadt,6.6
102383,8231000,Pforzheim,2025.04,8231000,Großstadt,5.9
102453,8311000,Freiburg im Breisgau,2025.04,8311000,Großstadt,6.6
102760,8415061,Reutlingen,2025.04,8415061,Großstadt,6.2
102813,8421000,Ulm,2025.04,8421000,Großstadt,7.0
103001,9161000,Ingolstadt,2025.04,9161000,Großstadt,11.3
103002,9162000,München,2025.04,9162000,Landeshauptstadt,9.6
103760,9362000,Regensburg,2025.04,9362000,Großstadt,7.6
104211,9663000,Würzburg,2025.04,9663000,Großstadt,6.5
104400,9562000,Erlangen,2025.04,9562000,Großstadt,6.4
104401,9563000,Fürth,2025.04,9563000,Großstadt,5.2
104402,9564000,Nürnberg,2025.04,9564000,Großstadt,6.0
104517,9761000,Augsburg,2025.04,9761000,Großstadt,5.4
105257,10041100,Saarbrücken,2025.04,10041100,Landeshauptstadt,5.5
105323,13003000,Rostock,2025.04,13003000,Großstadt,3.7
105324,13004000,Schwerin,2025.04,13004000,Landeshauptstadt,3.8
105509,11000000,Berlin,2025.04,11000000,Landeshauptstadt,5.9
105513,12054000,Potsdam,2025.04,12054000,Landeshauptstadt,5.2
106247,14511000,Chemnitz,2025.04,14511000,Großstadt,3.9
106404,14713000,Leipzig,2025.04,14713000,Großstadt,4.7
106466,15002000,Halle (Saale),2025.04,15002000,Großstadt,3.2
106467,15003000,Magdeburg,2025.04,15003000,Landeshauptstadt,4.1
106629,14612000,Dresden,2025.04,14612000,Landeshauptstadt,4.3
107279,16051000,Erfurt,2025.04,16051000,Landeshauptstadt,4.6
107281,16053000,Jena,2025.04,16053000,Großstadt,4.6
107485,1002000,Kiel,2025.07,1002000,Landeshauptstadt,5.6
107486,1003000,Lübeck,2025.07,1003000,Großstadt,5.4
108188,2000000,Hamburg,2025.07,2000000,Landeshauptstadt,8.0
108189,3101000,Braunschweig,2025.07,3101000,Großstadt,8.1
108190,3102000,Salzgitter,2025.07,3102000,Großstadt,3.9
108191,3103000,Wolfsburg,2025.07,3103000,Großstadt,18.6
108728,3159016,Göttingen,2025.07,3159016,Großstadt,6.4
108752,3241001,Hannover,2025.07,3241001,Landeshauptstadt,7.1
108835,3254021,Hildesheim,2025.07,3254021,Großstadt,5.5
109285,3403000,Oldenburg (Oldb),2025.07,3403000,Großstadt,8.3
109286,3404000,Osnabrück,2025.07,3404000,Großstadt,7.3
109470,5378004,Bergisch Gladbach,2025.07,5378004,Großstadt,6.1
109497,5512000,Bottrop,2025.07,5512000,Großstadt,4.7
109498,5513000,Gelsenkirchen,2025.07,5513000,Großstadt,4.2
109499,5515000,Münster,2025.07,5515000,Großstadt,7.8
109536,5562032,Recklinghausen,2025.07,5562032,Großstadt,4.2
109575,5711000,Bielefeld,2025.07,5711000,Großstadt,7.3
109577,5754008,Gütersloh,2025.07,5754008,Großstadt,6.7
109642,5774032,Paderborn,2025.07,5774032,Großstadt,7.3
109645,5911000,Bochum,2025.07,5911000,Großstadt,5.6
109646,5913000,Dortmund,2025.07,5913000,Großstadt,6.2
109647,5914000,Hagen,2025.07,5914000,Großstadt,4.5
109648,5915000,Hamm,2025.07,5915000,Großstadt,4.7
109649,5916000,Herne,2025.07,5916000,Großstadt,3.7
109730,4011000,Bremen,2025.07,4011000,Landeshauptstadt,5.5
109731,4012000,Bremerhaven,2025.07,4012000,Großstadt,4.6
109732,5111000,Düsseldorf,2025.07,5111000,Landeshauptstadt,10.5
109733,5112000,Duisburg,2025.07,5112000,Großstadt,4.1
109734,5113000,Essen,2025.07,5113000,Großstadt,6.6
109735,5114000,Krefeld,2025.07,5114000,Großstadt,5.3
109736,5116000,Mönchengladbach,2025.07,5116000,Großstadt,5.3
109737,5117000,Mülheim an der Ruhr,2025.07,5117000,Großstadt,5.8
109738,5119000,Oberhausen,2025.07,5119000,Großstadt,4.5
109739,5120000,Remscheid,2025.07,5120000,Großstadt,5.6
109740,5122000,Solingen,2025.07,5122000,Großstadt,6.0
109741,5124000,Wuppertal,2025.07,5124000,Großstadt,5.5
109774,5162024,Neuss,2025.07,5162024,Großstadt,6.7
109790,5170024,Moers,2025.07,5170024,Großstadt,5.1
109798,5314000,Bonn,2025.07,5314000,Großstadt,9.0
109799,5315000,Köln,2025.07,5315000,Großstadt,8.3
109800,5316000,Leverkusen,2025.07,5316000,Großstadt,6.6
109801,5334002,Aachen,2025.07,5334002,Großstadt,7.8
109902,5970040,Siegen,2025.07,5970040,Großstadt,6.0
109928,6411000,Darmstadt,2025.07,6411000,Großstadt,8.0
109929,6412000,Frankfurt am Main,2025.07,6412000,Großstadt,10.3
109930,6413000,Offenbach am Main,2025.07,6413000,Großstadt,6.4
109931,6414000,Wiesbaden,2025.07,6414000,Landeshauptstadt,12.0
110017,6435014,Hanau,2025.07,6435014,Großstadt,5.5
110213,6611000,Kassel,2025.07,6611000,Großstadt,6.7
110349,7111000,Koblenz,2025.07,7111000,Großstadt,7.8
111460,7211000,Trier,2025.07,7211000,Großstadt,6.0
111815,7312000,Kaiserslautern,2025.07,7312000,Großstadt,6.1
111817,7314000,Ludwigshafen am Rhein,2025.07,7314000,Großstadt,5.8
111818,7315000,Mainz,2025.07,7315000,Landeshauptstadt,6.7
112449,8111000,Stuttgart,2025.07,8111000,Landeshauptstadt,12.4
112828,8121000,Heilbronn,2025.07,8121000,Großstadt,5.6
112993,8212000,Karlsruhe,2025.07,8212000,Großstadt,7.9
113049,8221000,Heidelberg,2025.07,8221000,Großstadt,7.3
113250,8222000,Mannheim,2025.07,8222000,Großstadt,6.9
113332,8231000,Pforzheim,2025.07,8231000,Großstadt,6.1
113402,8311000,Freiburg im Breisgau,2025.07,8311000,Großstadt,6.9
113550,9161000,Ingolstadt,2025.07,9161000,Großstadt,14.3
113551,9162000,München,2025.07,9162000,Landeshauptstadt,9.9
113909,8415061,Reutlingen,2025.07,8415061,Großstadt,6.5
113962,8421000,Ulm,2025.07,8421000,Großstadt,7.3
114509,9362000,Regensburg,2025.07,9362000,Großstadt,7.9
114749,9562000,Erlangen,2025.07,9562000,Großstadt,6.7
114750,9563000,Fürth,2025.07,9563000,Großstadt,5.5
114751,9564000,Nürnberg,2025.07,9564000,Großstadt,6.3
114960,9663000,Würzburg,2025.07,9663000,Großstadt,6.9
115406,10041100,Saarbrücken,2025.07,10041100,Landeshauptstadt,5.7
115466,9761000,Augsburg,2025.07,9761000,Großstadt,5.6
115658,11000000,Berlin,2025.07,11000000,Landeshauptstadt,6.2
115660,12052000,Cottbus,2025.07,12052000,Großstadt,3.5
115662,12054000,Potsdam,2025.07,12054000,Landeshauptstadt,5.4
116272,13003000,Rostock,2025.07,13003000,Großstadt,3.9
116273,13004000,Schwerin,2025.07,13004000,Landeshauptstadt,4.1
116996,14511000,Chemnitz,2025.07,14511000,Großstadt,4.1
117232,16051000,Erfurt,2025.07,16051000,Landeshauptstadt,4.8
117234,16053000,Jena,2025.07,16053000,Großstadt,4.9
117353,14713000,Leipzig,2025.07,14713000,Großstadt,4.9
117415,15002000,Halle (Saale),2025.07,15002000,Großstadt,3.4
117416,15003000,Magdeburg,2025.07,15003000,Landeshauptstadt,4.3
117778,14612000,Dresden,2025.07,14612000,Landeshauptstadt,4.4
118048,1002000,Kiel,2025.1,1002000,Landeshauptstadt,5.8
118049,1003000,Lübeck,2025.1,1003000,Großstadt,5.7
119337,2000000,Hamburg,2025.1,2000000,Landeshauptstadt,8.3
119338,3101000,Braunschweig,2025.1,3101000,Großstadt,8.4
119339,3102000,Salzgitter,2025.1,3102000,Großstadt,4.1
119340,3103000,Wolfsburg,2025.1,3103000,Großstadt,20.1
119677,3159016,Göttingen,2025.1,3159016,Großstadt,6.7
119701,3241001,Hannover,2025.1,3241001,Landeshauptstadt,7.3
120046,5512000,Bottrop,2025.1,5512000,Großstadt,4.9
120047,5513000,Gelsenkirchen,2025.1,5513000,Großstadt,4.4
120048,5515000,Münster,2025.1,5515000,Großstadt,8.1
120085,5562032,Recklinghausen,2025.1,5562032,Großstadt,4.3
120124,5711000,Bielefeld,2025.1,5711000,Großstadt,7.6
120126,5754008,Gütersloh,2025.1,5754008,Großstadt,6.9
120191,5774032,Paderborn,2025.1,5774032,Großstadt,7.6
120194,5911000,Bochum,2025.1,5911000,Großstadt,6.0
120195,5913000,Dortmund,2025.1,5913000,Großstadt,6.5
120196,5914000,Hagen,2025.1,5914000,Großstadt,4.7
120197,5915000,Hamm,2025.1,5915000,Großstadt,4.9
120198,5916000,Herne,2025.1,5916000,Großstadt,3.9
120279,4011000,Bremen,2025.1,4011000,Landeshauptstadt,5.8
120280,4012000,Bremerhaven,2025.1,4012000,Großstadt,4.9
120281,5111000,Düsseldorf,2025.1,5111000,Landeshauptstadt,11.0
120282,5112000,Duisburg,2025.1,5112000,Großstadt,4.3
120283,5113000,Essen,2025.1,5113000,Großstadt,6.8
120284,5114000,Krefeld,2025.1,5114000,Großstadt,5.5
120285,5116000,Mönchengladbach,2025.1,5116000,Großstadt,5.5
120286,5117000,Mülheim an der Ruhr,2025.1,5117000,Großstadt,6.1
120287,5119000,Oberhausen,2025.1,5119000,Großstadt,4.7
120288,5120000,Remscheid,2025.1,5120000,Großstadt,5.7
120289,5122000,Solingen,2025.1,5122000,Großstadt,6.3
120290,5124000,Wuppertal,2025.1,5124000,Großstadt,5.8
120323,5162024,Neuss,2025.1,5162024,Großstadt,7.0
120339,5170024,Moers,2025.1,5170024,Großstadt,5.3
120347,5314000,Bonn,2025.1,5314000,Großstadt,9.7
120348,5315000,Köln,2025.1,5315000,Großstadt,8.6
120349,5316000,Leverkusen,2025.1,5316000,Großstadt,6.9
120350,5334002,Aachen,2025.1,5334002,Großstadt,8.1
120419,5378004,Bergisch Gladbach,2025.1,5378004,Großstadt,6.4
120451,5970040,Siegen,2025.1,5970040,Großstadt,6.3
120477,6411000,Darmstadt,2025.1,6411000,Großstadt,8.4
120478,6412000,Frankfurt am Main,2025.1,6412000,Großstadt,10.6
120479,6413000,Offenbach am Main,2025.1,6413000,Großstadt,6.6
120480,6414000,Wiesbaden,2025.1,6414000,Landeshauptstadt,12.6
120634,3403000,Oldenburg (Oldb),2025.1,3403000,Großstadt,8.7
120635,3404000,Osnabrück,2025.1,3404000,Großstadt,7.7
120962,6611000,Kassel,2025.1,6611000,Großstadt,7.0
121098,7111000,Koblenz,2025.1,7111000,Großstadt,8.1
122009,7211000,Trier,2025.1,7211000,Großstadt,6.2
122998,8111000,Stuttgart,2025.1,8111000,Landeshauptstadt,12.7
123177,8121000,Heilbronn,2025.1,8121000,Großstadt,5.8
123342,8212000,Karlsruhe,2025.1,8212000,Großstadt,8.4
123398,8221000,Heidelberg,2025.1,8221000,Großstadt,7.5
123399,8222000,Mannheim,2025.1,8222000,Großstadt,7.2
123481,8231000,Pforzheim,2025.1,8231000,Großstadt,6.3
123551,8311000,Freiburg im Breisgau,2025.1,8311000,Großstadt,7.1
123858,8415061,Reutlingen,2025.1,8415061,Großstadt,6.7
123911,8421000,Ulm,2025.1,8421000,Großstadt,7.7
124299,9161000,Ingolstadt,2025.1,9161000,Großstadt,15.8
124300,9162000,München,2025.1,9162000,Landeshauptstadt,10.5
124764,7312000,Kaiserslautern,2025.1,7312000,Großstadt,6.3
124766,7314000,Ludwigshafen am Rhein,2025.1,7314000,Großstadt,6.0
124767,7315000,Mainz,2025.1,7315000,Landeshauptstadt,7.0
125258,9362000,Regensburg,2025.1,9362000,Großstadt,8.2
125498,9562000,Erlangen,2025.1,9562000,Großstadt,7.0
125499,9563000,Fürth,2025.1,9563000,Großstadt,5.8
125500,9564000,Nürnberg,2025.1,9564000,Großstadt,6.5
125815,9761000,Augsburg,2025.1,9761000,Großstadt,5.8
125909,9663000,Würzburg,2025.1,9663000,Großstadt,7.2
126355,10041100,Saarbrücken,2025.1,10041100,Landeshauptstadt,6.0
126407,11000000,Berlin,2025.1,11000000,Landeshauptstadt,6.4
126411,12054000,Potsdam,2025.1,12054000,Landeshauptstadt,5.6
126821,13003000,Rostock,2025.1,13003000,Großstadt,4.2
126822,13004000,Schwerin,2025.1,13004000,Landeshauptstadt,4.3
127527,14612000,Dresden,2025.1,14612000,Landeshauptstadt,4.7
127745,14511000,Chemnitz,2025.1,14511000,Großstadt,4.2
127902,14713000,Leipzig,2025.1,14713000,Großstadt,5.1
127964,15002000,Halle (Saale),2025.1,15002000,Großstadt,3.5
127965,15003000,Magdeburg,2025.1,15003000,Landeshauptstadt,4.5
128381,16051000,Erfurt,2025.1,16051000,Landeshauptstadt,5.1
128383,16053000,Jena,2025.1,16053000,Großstadt,5.1
128783,1002000,Kiel,2026.01,1002000,Landeshauptstadt,6.1
128784,1003000,Lübeck,2026.01,1003000,Großstadt,6.0
129886,2000000,Hamburg,2026.01,2000000,Landeshauptstadt,8.8
129887,3101000,Braunschweig,2026.01,3101000,Großstadt,8.7
129888,3102000,Salzgitter,2026.01,3102000,Großstadt,4.3
129889,3103000,Wolfsburg,2026.01,3103000,Großstadt,20.5
130383,3403000,Oldenburg (Oldb),2026.01,3403000,Großstadt,8.4
130384,3404000,Osnabrück,2026.01,3404000,Großstadt,8.1
130426,3159016,Göttingen,2026.01,3159016,Großstadt,7.0
130450,3241001,Hannover,2026.01,3241001,Landeshauptstadt,7.7
130628,4011000,Bremen,2026.01,4011000,Landeshauptstadt,6.1
130629,4012000,Bremerhaven,2026.01,4012000,Großstadt,5.1
130630,5111000,Düsseldorf,2026.01,5111000,Landeshauptstadt,11.6
130631,5112000,Duisburg,2026.01,5112000,Großstadt,4.5
130632,5113000,Essen,2026.01,5113000,Großstadt,7.1
130633,5114000,Krefeld,2026.01,5114000,Großstadt,5.7
130634,5116000,Mönchengladbach,2026.01,5116000,Großstadt,5.8
130635,5117000,Mülheim an der Ruhr,2026.01,5117000,Großstadt,6.3
130636,5119000,Oberhausen,2026.01,5119000,Großstadt,5.0
130637,5120000,Remscheid,2026.01,5120000,Großstadt,6.0
130638,5122000,Solingen,2026.01,5122000,Großstadt,6.6
130639,5124000,Wuppertal,2026.01,5124000,Großstadt,6.0
130672,5162024,Neuss,2026.01,5162024,Großstadt,7.3
130688,5170024,Moers,2026.01,5170024,Großstadt,5.6
130696,5314000,Bonn,2026.01,5314000,Großstadt,10.3
130697,5315000,Köln,2026.01,5315000,Großstadt,8.9
130698,5316000,Leverkusen,2026.01,5316000,Großstadt,7.1
130699,5334002,Aachen,2026.01,5334002,Großstadt,8.5
130768,5378004,Bergisch Gladbach,2026.01,5378004,Großstadt,6.6
130795,5512000,Bottrop,2026.01,5512000,Großstadt,5.0
130796,5513000,Gelsenkirchen,2026.01,5513000,Großstadt,4.6
130797,5515000,Münster,2026.01,5515000,Großstadt,8.5
131026,6411000,Darmstadt,2026.01,6411000,Großstadt,8.8
131027,6412000,Frankfurt am Main,2026.01,6412000,Großstadt,11.1
131028,6413000,Offenbach am Main,2026.01,6413000,Großstadt,6.9
131029,6414000,Wiesbaden,2026.01,6414000,Landeshauptstadt,12.9
131234,5562032,Recklinghausen,2026.01,5562032,Großstadt,4.5
131273,5711000,Bielefeld,2026.01,5711000,Großstadt,7.9
131275,5754008,Gütersloh,2026.01,5754008,Großstadt,7.1
131340,5774032,Paderborn,2026.01,5774032,Großstadt,7.9
131343,5911000,Bochum,2026.01,5911000,Großstadt,6.3
131344,5913000,Dortmund,2026.01,5913000,Großstadt,6.8
131345,5914000,Hagen,2026.01,5914000,Großstadt,4.8
131346,5915000,Hamm,2026.01,5915000,Großstadt,5.1
131347,5916000,Herne,2026.01,5916000,Großstadt,4.0
131400,5970040,Siegen,2026.01,5970040,Großstadt,6.5
131447,7111000,Koblenz,2026.01,7111000,Großstadt,8.4
131711,6611000,Kassel,2026.01,6611000,Großstadt,7.3
132958,7211000,Trier,2026.01,7211000,Großstadt,6.5
133313,7312000,Kaiserslautern,2026.01,7312000,Großstadt,6.5
133315,7314000,Ludwigshafen am Rhein,2026.01,7314000,Großstadt,6.1
133316,7315000,Mainz,2026.01,7315000,Landeshauptstadt,7.4
133947,8111000,Stuttgart,2026.01,8111000,Landeshauptstadt,13.0
134291,8212000,Karlsruhe,2026.01,8212000,Großstadt,8.6
134347,8221000,Heidelberg,2026.01,8221000,Großstadt,7.8
134348,8222000,Mannheim,2026.01,8222000,Großstadt,7.6
134430,8231000,Pforzheim,2026.01,8231000,Großstadt,6.5
134500,8311000,Freiburg im Breisgau,2026.01,8311000,Großstadt,7.5
134848,9161000,Ingolstadt,2026.01,9161000,Großstadt,16.1
134849,9162000,München,2026.01,9162000,Landeshauptstadt,11.4
135007,8415061,Reutlingen,2026.01,8415061,Großstadt,7.0
135060,8421000,Ulm,2026.01,8421000,Großstadt,7.9
135726,8121000,Heilbronn,2026.01,8121000,Großstadt,6.1
136007,9362000,Regensburg,2026.01,9362000,Großstadt,8.7
136447,9562000,Erlangen,2026.01,9562000,Großstadt,7.2
136448,9563000,Fürth,2026.01,9563000,Großstadt,6.1
136449,9564000,Nürnberg,2026.01,9564000,Großstadt,6.8
136658,9663000,Würzburg,2026.01,9663000,Großstadt,7.5
137164,9761000,Augsburg,2026.01,9761000,Großstadt,6.1
137304,10041100,Saarbrücken,2026.01,10041100,Landeshauptstadt,6.2
137356,11000000,Berlin,2026.01,11000000,Landeshauptstadt,6.7
137360,12054000,Potsdam,2026.01,12054000,Landeshauptstadt,5.9
137770,13003000,Rostock,2026.01,13003000,Großstadt,4.4
137771,13004000,Schwerin,2026.01,13004000,Landeshauptstadt,4.5
138094,14511000,Chemnitz,2026.01,14511000,Großstadt,4.5
138476,14612000,Dresden,2026.01,14612000,Landeshauptstadt,4.9
138730,16051000,Erfurt,2026.01,16051000,Landeshauptstadt,5.4
138732,16053000,Jena,2026.01,16053000,Großstadt,5.3
139051,14713000,Leipzig,2026.01,14713000,Großstadt,5.3
139113,15002000,Halle (Saale),2026.01,15002000,Großstadt,3.7
139114,15003000,Magdeburg,2026.01,15003000,Landeshauptstadt,4.8
139532,1002000,Kiel,2026.04,1002000,Landeshauptstadt,6.5
139533,1003000,Lübeck,2026.04,1003000,Großstadt,6.4
140835,2000000,Hamburg,2026.04,2000000,Landeshauptstadt,9.3
140836,3101000,Braunschweig,2026.04,3101000,Großstadt,9.0
140837,3102000,Salzgitter,2026.04,3102000,Großstadt,4.7
140838,3103000,Wolfsburg,2026.04,3103000,Großstadt,20.3
140975,3159016,Göttingen,2026.04,3159016,Großstadt,7.4
140999,3241001,Hannover,2026.04,3241001,Landeshauptstadt,8.0
141332,3403000,Oldenburg (Oldb),2026.04,3403000,Großstadt,8.9
141333,3404000,Osnabrück,2026.04,3404000,Großstadt,8.5
141386,5120000,Remscheid,2026.04,5120000,Großstadt,6.2
141387,5122000,Solingen,2026.04,5122000,Großstadt,6.9
141388,5124000,Wuppertal,2026.04,5124000,Großstadt,6.3
141421,5162024,Neuss,2026.04,5162024,Großstadt,7.7
141437,5170024,Moers,2026.04,5170024,Großstadt,5.9
141445,5314000,Bonn,2026.04,5314000,Großstadt,11.0
141446,5315000,Köln,2026.04,5315000,Großstadt,9.1
141447,5316000,Leverkusen,2026.04,5316000,Großstadt,7.4
141448,5334002,Aachen,2026.04,5334002,Großstadt,8.9
141517,5378004,Bergisch Gladbach,2026.04,5378004,Großstadt,6.9
141544,5512000,Bottrop,2026.04,5512000,Großstadt,5.4
141545,5513000,Gelsenkirchen,2026.04,5513000,Großstadt,4.8
141546,5515000,Münster,2026.04,5515000,Großstadt,8.9
141583,5562032,Recklinghausen,2026.04,5562032,Großstadt,4.8
141777,4011000,Bremen,2026.04,4011000,Landeshauptstadt,6.5
141778,4012000,Bremerhaven,2026.04,4012000,Großstadt,5.5
141779,5111000,Düsseldorf,2026.04,5111000,Landeshauptstadt,12.1
141780,5112000,Duisburg,2026.04,5112000,Großstadt,4.8
141781,5113000,Essen,2026.04,5113000,Großstadt,7.5
141782,5114000,Krefeld,2026.04,5114000,Großstadt,6.0
141783,5116000,Mönchengladbach,2026.04,5116000,Großstadt,6.1
141784,5117000,Mülheim an der Ruhr,2026.04,5117000,Großstadt,6.6
141785,5119000,Oberhausen,2026.04,5119000,Großstadt,5.2
141822,5711000,Bielefeld,2026.04,5711000,Großstadt,8.3
141824,5754008,Gütersloh,2026.04,5754008,Großstadt,7.5
141889,5774032,Paderborn,2026.04,5774032,Großstadt,8.3
141892,5911000,Bochum,2026.04,5911000,Großstadt,6.9
141893,5913000,Dortmund,2026.04,5913000,Großstadt,7.1
141894,5914000,Hagen,2026.04,5914000,Großstadt,5.1
141895,5915000,Hamm,2026.04,5915000,Großstadt,5.5
141896,5916000,Herne,2026.04,5916000,Großstadt,4.3
141949,5970040,Siegen,2026.04,5970040,Großstadt,6.9
141975,6411000,Darmstadt,2026.04,6411000,Großstadt,9.3
141976,6412000,Frankfurt am Main,2026.04,6412000,Großstadt,11.7
141977,6413000,Offenbach am Main,2026.04,6413000,Großstadt,7.2
141978,6414000,Wiesbaden,2026.04,6414000,Landeshauptstadt,13.2
142196,7111000,Koblenz,2026.04,7111000,Großstadt,8.9
142460,6611000,Kassel,2026.04,6611000,Großstadt,7.7
143507,7211000,Trier,2026.04,7211000,Großstadt,6.8
144062,7312000,Kaiserslautern,2026.04,7312000,Großstadt,6.7
144064,7314000,Ludwigshafen am Rhein,2026.04,7314000,Großstadt,6.4
144065,7315000,Mainz,2026.04,7315000,Landeshauptstadt,7.9
144675,8121000,Heilbronn,2026.04,8121000,Großstadt,6.4
145049,8311000,Freiburg im Breisgau,2026.04,8311000,Großstadt,7.8
145240,8212000,Karlsruhe,2026.04,8212000,Großstadt,8.9
145296,8221000,Heidelberg,2026.04,8221000,Großstadt,8.2
145297,8222000,Mannheim,2026.04,8222000,Großstadt,8.1
145379,8231000,Pforzheim,2026.04,8231000,Großstadt,6.8
145409,8421000,Ulm,2026.04,8421000,Großstadt,8.4
145756,8415061,Reutlingen,2026.04,8415061,Großstadt,7.2
145797,9161000,Ingolstadt,2026.04,9161000,Großstadt,15.5
145798,9162000,München,2026.04,9162000,Landeshauptstadt,12.2
146696,8111000,Stuttgart,2026.04,8111000,Landeshauptstadt,13.7
146956,9362000,Regensburg,2026.04,9362000,Großstadt,9.2
147196,9562000,Erlangen,2026.04,9562000,Großstadt,7.7
147197,9563000,Fürth,2026.04,9563000,Großstadt,6.5
147198,9564000,Nürnberg,2026.04,9564000,Großstadt,7.2
147407,9663000,Würzburg,2026.04,9663000,Großstadt,7.9
147713,9761000,Augsburg,2026.04,9761000,Großstadt,6.4
148053,10041100,Saarbrücken,2026.04,10041100,Landeshauptstadt,6.6
148105,11000000,Berlin,2026.04,11000000,Landeshauptstadt,7.0
148109,12054000,Potsdam,2026.04,12054000,Landeshauptstadt,6.2
148319,13003000,Rostock,2026.04,13003000,Großstadt,4.7
148320,13004000,Schwerin,2026.04,13004000,Landeshauptstadt,4.8
149225,14612000,Dresden,2026.04,14612000,Landeshauptstadt,5.2
149400,14713000,Leipzig,2026.04,14713000,Großstadt,5.6
149462,15002000,Halle (Saale),2026.04,15002000,Großstadt,4.0
149463,15003000,Magdeburg,2026.04,15003000,Landeshauptstadt,5.1
149643,14511000,Chemnitz,2026.04,14511000,Großstadt,4.7
150373,16051000,Erfurt,2026.04,16051000,Landeshauptstadt,5.7
150375,16053000,Jena,2026.04,16053000,Großstadt,5.7
